  <MOSTSIXES>
	<PLAYER>
		<NAME>Chris Gayle</NAME>
		<TEAMS>KKR,RCB</TEAMS>
		<INNINGS>88</INNINGS>
		<SIXES>243</SIXES>
		<SPAN>2009–2016</SPAN>
	</PLAYER>
	<PLAYER>
		<NAME>Rohit Sharma</NAME>
		<TEAMS>DC,MI</TEAMS>
		<INNINGS>138</INNINGS>
		<SIXES>163</SIXES>
		<SPAN>2008–2016</SPAN>
	</PLAYER>
	<PLAYER>
		<NAME>Suresh Raina</NAME>
		<TEAMS>CSK,GL</TEAMS>
		<INNINGS>141</INNINGS>
		<SIXES>160</SIXES>
		<SPAN>2008–2016</SPAN>
	</PLAYER>
	<PLAYER>
		<NAME>Virat Kohli</NAME>
		<TEAMS>RCB</TEAMS>
		<INNINGS>128</INNINGS>
		<SIXES>146</SIXES>
		<SPAN>2008–2016</SPAN>
	</PLAYER>
	<PLAYER>
		<NAME>Yusuf Pathan</NAME>
		<TEAMS>RR,KKR</TEAMS>
		<INNINGS>128</INNINGS>
		<SIXES>140</SIXES>
		<SPAN>2008–2016</SPAN>
	</PLAYER>
</MOSTSIXES>


